中文,英文
肥料最大效率期,maximum efficiency stage of fertilization
吸附学说,theory of adsorption
选择吸收,selective absorption
根系截获,root interception
能斯特方程,Nernst equation
离子拮抗作用,ion antagonism
竞争性抑制,competitive inhibition
离子载体,ionophor
非竞争性抑制,noncompetitive inhibition
胞饮作用,pinocytosis
有益元素,beneficial element
大量元素,macroelement
养分电势梯度,nutrient electropotential gradient
养分胁迫,nutrient stress
有效性养分,available nutrient
无效养分,non-available nutrient
土壤养分形态,form of soil nutrient
养分淋失,leaching loss of nutrient
示踪测定,isotopic tracer
酰胺态氮,amide nitrogen
矿化速率,mineralization rate
生理碱性肥料,physiological alkaline fertilizer
商品肥料,commercial fertilizer
酰胺态氮肥,amide nitrogen fertilizer
单质肥料,straight fertilizer
氰氨态氮肥,cyanamide nitrogen fertilizer
氮肥,nitrogenous fertilizer
堆肥,compost
腐殖酸类肥料,humic fertilizer
重叠缺乏,overlapping deficiency
组织速测诊断法,diagnosis method of tissue rapid measurement
临界值诊断法,diagnosis method by critical value
施肥诊断法,diagnosis method of fertilization
养分临界值,critical value of nutrient
边际产值,marginal value
边际成本,marginal cost
营养临界期,critical period of nutrition
钾平衡,potassium balance
速效肥料,readily available fertilizer
单因子试验,unifactor experiment
分期施肥,top-dressing at different stages
缓释氮肥,slow-release nitrogen fertilizer
有机肥料,organic fertilizer
难溶性磷肥,difficultly soluble phosphatic fertilizer
化成复合肥料,compound fertilizer
微生物肥料,microbial manure
根系分泌物,root exudate
最低因子律,law of the minimum
米采利希定律,Mitscherlich's law
植物营养遗传学,genetics of plant nutrition
氮代谢,nitrogen metabolism
强度因素,intensity factor
缓冲因素,buffer factor
可溶性养分,soluble nutrient
随机区组试验,randomized block experiment
肥料养分,fertilizer nutrient
碱性肥料,alkaline fertilizer
肥料分析式,fertilizer analytic formula
悬浮肥料,suspension fertilizer
湿法磷肥,wet-process phosphatic fertilizer
速率因素,velocity factor
养分固定,nutrient fixation
撒施,broadcasting
全氮,total nitrogen
交换吸收,exchange absorption
根系阳离子交换量,cation exchange capacity of root
养分交互作用,nutrient interaction
质外体运输,apoplast transport
植物激素,phytohormone
生长抑制剂,growth inhibitor
短距离运输,short distance transport
养分富集,nutrient enrichment
养分生物有效性,nutrient bioavailability
养分转移,nutrient translocation
表面迁移,surface migration
氨毒,ammonia toxicity
土壤养分,soil nutrient
动力因素,kinetic factor
缓效性养分,slowly available nutrient
非交换性养分,non-exchangeable nutrient
酸溶性养分,acid soluble nutrient
水解氮,hydrolyzable nitrogen
养分循环,nutrient cycle
养分平衡,nutrient balance
养分转化,nutrient transformation
A值,A value
养分释放,nutrient releasing
旋转设计,rotation design
放射自显影术,autoradiography
试验误差,experimental error
示踪核素,tracer nuclides
幼苗试验,seedling test
无菌培养,sterile culture
盆栽试验,pot experiment
带状施肥,band application
土培,soil culture
田间试验,field experiment
完全培养液,complete culture solution
硝态氮,nitrate nitrogen
迟效肥料,delayed available fertilizer
肥料,fertilizer
三要素比例,three essential fertilizer ratio
肥料品位,fertilizer grade
酸性肥料,acidic fertilizer
肥料填料,fertilizer filler
气体肥料,gaseous fertilizer
肥料溶解度,fertilizer solubility
螯合肥料,chelate fertilizer
热法磷肥,thermal-process phosphatic fertilizer
复合肥料,compound or mixed fertilizer
钙肥,lime fertilizer
镁肥,magnesium fertilizer
配成复合肥料,processing compound fertilizer
硫肥,sulfur fertilizer
诊断施肥综合法,diagnosis and recommendation integrated system
叶色诊断法,diagnosis method of foliar color
酶学诊断法,enzymology diagnosis method
营养诊断,nutrient diagnosis
诊断指标,diagnosis index
营养失调,nutritional disorder
耕垦症,reclamation symptom
养分平衡施肥,balanced nutrients fertilization
基肥,basal fertilizer
饱和施肥,saturated fertilization
深层施肥,deep placement
维持施肥,maintenance fertilization
全层施肥,whole layer fertilization
砂培,sand culture
植物矿质营养基因型,mineral nutrition genotype of plant
氮平衡,nitrogen balance
氮矿化,nitrogen mineralization
氮转化,nitrogen transformation
缓释肥料,slow-release fertilizer
包膜肥料,coated fertilizer
叶面肥料,foliar fertilizer
肥料调理剂,fertilizer conditioner
颗粒肥料,granular fertilizer
硝态氮肥,nitrate nitrogen fertilizer
磷肥,phosphatic fertilizer
绿肥,green manure
沤肥,waterlogged compost
豆科绿肥,leguminous green manure
非豆科绿肥,non-leguminous green manure
秸秆肥,straw manure
潜在缺乏,hidden hunger
叶片分析诊断法,diagnosis method of leaf analysis
苦陷症,bitter pit
脐腐症,blossom-end rot
鞭尾症,whiptail
显微结构诊断法,diagnosis of microstructure
测土施肥,soil testing and fertilizer recommendation
营养诊断施肥,diagnosis nutrient and fertilization
边际代替率,marginal rate of substitution
保护地盐害,salt concentration obstacle on protected land
被动吸收[养分],passive uptake [nutrient]
阶段营养期,different nutritional stage
奢侈吸收,luxury absorption
道南平衡,Donnan equilibrium
共质体运输,symplast transport
韧皮部运输,phloem transport
养分效率,nutrient efficiency
营养水平,nutritional level
电化学势梯度,gradient of electrochemical potential
植物养分比例,plant nutrients ratio
完全区组设计,complete block design
耗竭试验,exhaustive cropping technique
无机磷,inorganic phosphorus
酸解氮,acid-hydrolyzable nitrogen
腺苷三磷酸酶,ATPase
根外营养,exoroot nutrition
灰分元素,ash element
固体肥料,solid fertilizer
根圈营养,rhizosphere nutrition
铵态氮,ammonium nitrogen
缺素培养液,culture solution of element deficient
活性磷,labile phosphorus
缓效钾,slowly available potassium
集中施肥,concentrated fertilization
有机营养学说,theory of organic nutrition
离子协合作用,ion synergism
稀释效应,dilution effect
植物体内养分运输,nutrients transport in plant
微量元素养分,micronutrient
微量元素,microelement
有机氮,organic nitrogen
养分解吸,nutrient desorption
无机氮,inorganic nitrogen
放射性同位素示踪技术,radio isotope tracer technique
水溶性磷肥,water-soluble phosphatic fertilizer
植物生长调节剂,plant growth regulator
人粪尿,night soil
饼肥,cake fertilizer
厩肥,stable manure
灰斑症,grey speck
簇叶症,rosette
白芽症,white bud
推荐施肥,fertilization recommendation
肥料效应,fertilizer response
肥料效应函数,fertilizer response function
种肥,seed fertilizer
矿质营养学说,theory of mineral nutrition
植物营养[学],plant nutrition
接触交换,contact exchange
维茨效应,Viet's effect
必需元素,essential element
源-汇关系,source-sink relationship
长距离运输,long distance transport
中量元素养分,middle element nutrient
木质部运输,xylem transport
营养条件,nutritional condition
养分耗竭,nutrient depletion
养分再利用,nutrient reutilization
养分浓度梯度,nutrient concentration gradient
营养物质,nutritive material
活性养分,active nutrient
肥料试验,fertilizer experiment
中性肥料,neutral fertilizer
肥料三要素,three essentials of fertilizer
生理酸性肥料,physiological acidic fertilizer
生理中性肥料,physiological neutral fertilizer
水溶性养分,water soluble nutrient
肥料配合式,fertilizer formula
沼气肥,biogas manure
水生绿肥,hydrophytic green manure
植株化学诊断法,diagnosis method of plant chemistry
牧草痉挛症,grass tetany
生物培养诊断法,diagnosis method of biological incubation
失绿症,chlorosis
元素毒害,element toxicity
保护地气体毒害,gas toxicity of protected land
施肥制度,fertilization system
根外施肥,exoroot fertilization
稳定性同位素示踪技术,stable isotope tracer technique
养分有效性,nutrient availability
营养根,nutritive root
养分损失,nutrient loss
最优设计,optimum design
统计检验,statistical test
边际利润,marginal profit
回归设计,regression design
正交设计,orthogonal design
回归正交设计,regression-orthogonal design
分根培养,split root culture
流动培养,continuous flow culture
不完全区组设计,incomplete block design
耐量试验,tolerance test
拉丁方设计,Latin square design
肥料试验设计,fertilizer experimental design
裂区设计,split plot design
混杂设计,confounded design
多因子试验,multifactor experiment
水培,water culture
长期定位试验,long term experiment
探索播种,exploration seeding
无土栽培,soilless culture
匀地播种,sowing of evenland
矿物态钾,mineral potassium
层间钾,interlayer potassium
易还原态锰,labile reduction manganese
亚硝态氮,nitrite nitrogen
有机磷,organic phosphorus
碱解氮,alkali-hydrolyzable nitrogen
标明量,declarable content
肥料养分溶解度,solubility of fertilizer nutrient
肥料利用率,utilization rate of fertilizer
无机肥料,inorganic fertilizer
肥料添加剂,fertilizer additive
液体肥料,liquid fertilizer
铵态氮肥,ammonium nitrogen fertilizer
有机缓释氮肥,organic slowrelease nitrogen fertilizer
氨态氮肥,ammonia nitrogen fertilizer
脲酶抑制剂,urease inhibitor
硝铵态氮肥,ammonium and nitrate nitrogen fertilizer
掺合肥料,blended fertilizer
畜粪尿,domestic animals manure
枸溶性磷肥,citrate acid soluble phosphatic fertilizer
微量元素肥料,micronutrient fertilizer
钾肥,potassic fertilizer
复混肥料,complex fertilizer
废弃物肥料,sludge and refuse
泥炭,peat
形态诊断法,morphological diagnosis
焦灼症,burnt symptom
植物缺素症,hunger sign in plant
灰白症,white-grey symptom
腐心症,heart rot
小叶症,little-leaf symptom
边际效应,marginal effect
边际产量[统计],marginal yield
施肥,fertilization
追肥,top dressing
经济施肥,economic fertilization
分层施肥,separated layer fertilization
施肥技术,technique of fertilization
最高产量施肥量,maximum yield application rate
经济最佳施肥量,economic optimum application rate
归还学说,theory of returns
根氧化力,oxidizing force of root
植物有机营养,organic nutrition of plant
报酬递减律,law of diminishing returns
植物矿质营养,mineral nutrition of plant
载体学说,carrier theory
阴离子吸收学说,theory of anion absorption
自由空间,free space
主动吸收[养分],active uptake [nutrient]
质流[养分],mass flow [nutrition]
扩散[养分],diffusion [nutrition]
离子泵,ion pump
大量元素养分,macronutrient
营养液,nutrient solution
氮同化作用,nitrogen assimilation
植物铁载体,phytosiderophore
钙调素,calmodulin
全磷,total phosphorus
交换性养分,exchangeable nutrient
全钾,total potassium
数量因素,quantity factor
难溶性养分,difficultly soluble nutrient
养分吸附,nutrient adsorption
碳氮比,C/N ratio
枸溶性磷,citric acid soluble phosphorus
营养缺乏,nutrition deficiency
硅肥,siliceous fertilizer
农用食盐,sodium chloride
退耕上限坡度,upper limit slope for cultivation
顺坡,up and down slope
陡坡,steep slope
顺坡耕种,up and down slope cultivation
堆积,accumulation
土壤侵蚀综合治理,comprehensive control of soil erosion
泥沙,sediment
水土流失,soil and water loss
水土保持专家系统,expert system of soil and water conservation
水平梯田,bench terrace
石谷坊,stone check dam
坡式梯田,slope terrace
沟道防护林,forest for gully protection
水土保持耕作措施,tillage measures of soil and water conservation
等高带状间作,contour strip intercropping
灌溉侵蚀,irrigation erosion
隐匿侵蚀,concealed erosion
风蚀类型,wind erosion type
洞穴侵蚀,cave erosion
片蚀,sheet erosion
纹沟,ripple
干沟,main stream gully
细沟,rill
土壤侵蚀分类,soil erosion classification
地面割裂度,surface dissected degree
侵蚀垂直分布,vertical distribution of erosion
侵蚀基准面,erosion basis
雨滴,raindrop
模拟降雨装置,rainfall simulator
径流动能,runoff kinetic energy
支沟,branch gully
入渗曲线,infiltration curve
降雨侵蚀力,rainfall erosivity
水土保持生态效益,ecological benefit of soil and water conservation
洪水侵蚀,flood erosion
漫岗,rolling hill
冲沟,valley
坡度,slope gradient
冲蚀,scouring erosion
潜在侵蚀,potential erosion
雨滴侵蚀,raindrop erosion
重力侵蚀,gravitational erosion
风蚀等级,wind erosion class
崩岗,collapsing hill
风蚀预报方程,wind erosion prediction equation
冰川侵蚀,glacier erosion
切沟,gully
土壤侵蚀分区图,soil erosion division map
土壤侵蚀分布,soil erosion distribution
侵蚀水平分布,horizontal distribution of erosion
土壤侵蚀危害,soil erosion damage
土壤侵蚀调查,soil erosion survey
土壤侵蚀监测,soil erosion monitoring
土壤可蚀性参数,soil erodibility parameter
土壤抗冲性,soil antiscouribility
雨滴动能,raindrop kinetic energy
超渗径流,exceed-infiltration runoff
固体径流,solid runoff
化学径流,chemical runoff
隔坡梯田,alternation of slope and terrace
防风固沙林,wind break and sand fixation forest
鱼鳞坑,fish scale pit
融雪侵蚀,snowmelt erosion
黄土丘陵,loess hill
沙垅,sand ridge
沙丘,sand dune
沙漠,desert
磨蚀,wind abrasion
戈壁,gobi
风蚀灾害,wind erosion hazard
泻溜,earth-debris flow
冻融侵蚀,freeze-thawing erosion
剥蚀,denudation
土壤侵蚀类型,soil erosion type
线状侵蚀,linear erosion
溯源侵蚀,headward erosion
下切侵蚀,down-cutting erosion
侧向侵蚀,lateral erosion
浅沟侵蚀,shallow gully erosion
土壤侵蚀方式,soil erosion pattern
水力,water agency
跌水侵蚀,waterfall erosion
沟道密度,gully density
侵蚀区域分布,regional distribution of erosion
土壤侵蚀强度图,soil erosion intensity map
土壤侵蚀灾害,soil erosion hazard
土壤侵蚀过程,soil erosion process
通用土壤流失方程,universal soil loss equation
土壤侵蚀规律,soil erosion regular
土壤侵蚀效应,soil erosion effect
土壤侵蚀污染,soil erosion pollution
侵蚀力学,erosion mechanics
侵蚀土壤,eroded soil
土壤流失,soil loss
土壤流失量,soil loss amount
雨滴击溅角度,raindrop splash angle
雨滴大小,raindrop size
降雨侵蚀力参数,rainfall erosivity parameter
径流,runoff
降雨截流,rainfall interception
侵蚀临界坡度,critical erosion slope
入渗量,infiltration capacity
水土保持区划,soil and water conservation regionalization
城市水土流失,urban soil and water loss
输沙量,sediment discharge
防风林,wind break forest
旱井,dry well
水土保持生物措施,biological measures for soil and water conservation
草田轮作,grass and cropping rotation
坡长,slope length
横坡,transversal slope
横坡耕作,transversal slope cultivation
泥沙输移比,sediment delivery ratio
淤地坝,warp land dam
生物地埂,vegetation covered ridge
谷坊,check dam
柳谷坊,willow check dam
引洪淤地,flood warping land
反坡梯田,reversed terrace
水源涵养林,forest for conservation of water supply
水平阶,level bench
水平台地,level-reversed bench
古代侵蚀,ancient erosion
水蚀,erosion by water
黄土高原,loess plateau
暴雨侵蚀,rainstorm erosion
黄土地貌,loess landform
泥石流,mud and rock flow
泥流,mud flow
风蚀预报模型,wind erosion prediction model
崩塌,collapse
滑塌,slide
坡面侵蚀,slope erosion
细沟侵蚀,rill erosion
细沟间侵蚀,interrill erosion
跌穴,falling cave
鳞片状侵蚀,squamose erosion
浅沟,shallow gully
道路侵蚀,road erosion
土壤侵蚀营力,soil erosion agency
土壤侵蚀分类原则,principle of soil erosion classification
侵蚀劣地,erosion badland
土壤侵蚀内营力,endogenic agency of soil erosion
土壤侵蚀人工降雨模拟,artificial rainfall simulation of soil erosion
土壤侵蚀模数,soil erosion modulus
土壤侵蚀遥感制图,soil erosion mapping by remote sensing
土壤侵蚀预报模型,soil erosion prediction model
允许土壤流失量,soil loss tolerance
土壤蠕动,soil creep
土壤可蚀性诺漠图,soil erodibility value nomograph map
降雨侵蚀力指标,rainfall erosivity index
降雨量,rainfall amount
径流因子,runoff factor
雨滴大小分布,raindrop size distribution
盲沟,blind gully
城市水土保持,urban soil and water conservation
沟垄耕作,furrow and ridge tillage
沟谷侵蚀,gully and valley erosion
地表径流,surface runoff
壤中流,subsurface flow
侵蚀临界坡长,critical erosion slope length
缓坡,gentle slope
水土保持调查,soil and water conservation survey
风积,wind deposition
泥沙质量评价,sediment quality evaluation
含沙量,sediment concentration
水土保持工程措施,engineering measures of soil and water conservation
水土保持法,law of soil and water conservation
地埂,ridge
草田带状间作,grass strip intercropping
垄作区田,ridge tillage and pitting field
山边沟,hill-side ditch
草皮泄水道,grass waterway
等高耕作,contour tillage
等高草带,contour sod strip
风蚀强度,wind erosion intensity
土壤侵蚀程度,soil erosion degree
重力,gravitational agency
人工降雨,anthropogenic rainfall
临界径流,critical runoff
径流侵蚀力,runoff erosivity
水土保持社会效益,social benefit of soil and water conservation
水土保持规划,soil and water conservation planning
山坡防护林,forest for slope protection
水土保持经济林,economic forest for soil and water conservation
山塘,hilly pond
农田防护林,shelter forest for farmland
区田,pitting field
加速侵蚀,accelerated erosion
风蚀,erosion by wind
荒漠化,desertification
土壤侵蚀因子参数,soil erosion factor parameter
风力,wind agency
土壤侵蚀因素,soil erosion factor
水土保持措施,soil and water conservation measures
水土保持数据库,data base of soil and water conservation
水土保持法规,laws and regulations of soil and water conservation
小流域,small watershed
沙暴,sand storm
流沙,drift sand
风蚀残墩,soil residues by wind erosion
陷穴,sink hole
面蚀,surface erosion
水涮窝,washing hole
土壤侵蚀分类系统,classification system of soil erosion
土壤侵蚀强度,soil erosion intensity
土壤侵蚀数学模型,soil erosion mathematical model
土壤侵蚀预报方程,soil erosion prediction equation
土壤水蚀预报项目,water erosion prediction program
侵蚀土地,eroded land
侵蚀环境,erosion environment
侵蚀土壤剖面,erosion soil profile
土壤流失估算,soil loss estimation
土壤可蚀性指标,soil erodibility index
液体径流,liquid runoff
现代侵蚀,recent erosion
常态侵蚀,normal erosion
降雨侵蚀,rainfall erosion
人为侵蚀,erosion by human activities
流水侵蚀,runoff erosion
半固定沙丘,semifixed dune
固定沙丘,fixed dune
风障,wind break
溶蚀,corrosion
吹扬,wind drift
尘暴,dust storm
流动沙丘,moving dune
滑坡,slip
风蚀预报,wind erosion prediction
串珠洞穴,catenulate hole
悬沟,hanging gully
切沟侵蚀,gully erosion
土壤侵蚀指标,soil erosion index
羊道侵蚀,sheep-path erosion
土壤侵蚀外营力,exogenic agency of soil erosion
土壤侵蚀模拟,soil erosion simulation
土壤侵蚀田间模型,soil erosion field model
土壤侵蚀制图,mapping of soil erosion
土壤侵蚀类型图,soil erosion type map
土壤侵蚀潜在危险,soil erosion potential danger
土壤侵蚀遥感监测,soil erosion monitoring by remote sensing
土壤侵蚀信息系统,soil erosion information system
土壤可蚀性,soil erodibility
侵蚀地貌,erosion landform
侵蚀比率,erosion ratio
侵蚀速率,erosion rate
雨滴击溅量,raindrop splash amount
土壤抗蚀性,soil antierodibility
雨滴打击能量,raindrop impact energy
降雨强度,rainfall intensity
径流汇集,runoff gathering
降雨入渗,rainfall infiltration
淤积,siltation
蓄满径流,saturated infiltration runoff
水土保持经济效益,economic benefit of soil and water conservation
水土保持产业,soil and water conservation industry
水土保持工作条例,act of soil and water conservation
小流域综合治理,small watershed management
水土保持效益,soil and water conservation benefit
软埝,low earth bank
沟头防护工程,gully-head protecting works
复式梯田,compound terrace
田间工程,field engineering
石坎梯田,stone dike terrace
梯田,terrace
水土保持林业措施,forestry measures for soil and water conservation
水平沟,level trench
封山育林,forest reservation
沉积,sedimentation
产沙量,sediment yield
小流域经济,small watershed economy
土壤酸度,soil acidity
不谐溶,incongruent dissolution
土壤碱度,soil alkalinity
土壤水浸液酸,water-extractable acid of soil
酸性土[壤],acid soil
土壤盐浸液酸,salt-extractable acid of soil
土壤表面酸度,soil surface acidity
土壤腐殖质化学,soil humus chemistry
非晶物质,noncrystalline material
四面体片,tetrahedral sheet
黏粒矿物,clay-sized mineral
三八面体片,trioctahedral sheet
间层黏土矿物,interstratified clay mineral
三水铝石,gibbsite
水铁矿,ferrihydrite
伊利石,illite
形位效应,steric effect
楔形带,wedge zone
土粒电荷,soil particle charge
盐基饱和度,base saturation percentage
土壤盐置换性酸,salt-replaceable acid of soil
铝硅酸盐,aluminosilicate
表面电荷,surface charge
内圈络合物,innersphere complex
互补离子效应,effect of complementary ion
选择系数,selectivity coefficient
土壤残留碱度,soil residual alkalinity
土壤物理化学,soil physical chemistry
土壤养分化学,soil nutrient chemistry
扩散双电层,diffused double layer
交换性阴离子,exchangeable anion
实际阳离子交换量,effective cation exchange capacity
质子化作用,protonation
底面间距,basal spacing
高岭石,kaolinite
埃洛石,halloysite
蒙皂石,smectite
针铁矿,goethite
土壤矿质胶体,soil mineral colloid
断键,broken bond
有机矿质复合体,organo-mineral complex
硅氧烷表面,siloxane surface
硅烷醇基,silanol group
恒电荷表面,constant charge surface
层间交换位,interlayer exchange site
吸附态离子,adsorbed ion
交换性阳离子,exchangeable cation
结构电荷,structure charge
决定电位离子,potential determining ion
阴离子交换,anion exchange
阳离子交换量,cation exchange capacity
离子选择性,ion selectivity
交换性盐基,exchange base
盐基饱和度效应,effect of degree of base saturation
阴离子交换量,anion exchange capacity
阴离子吸附,anion adsorption
钠吸附比,sodium adsorption ratio
固定作用,fixation
选择吸附,selective adsorption
嵌插作用,intercalation
吸附作用,adsorption
土壤交换性酸度,soil exchangeable acidity
液接电位,liquid junction potential
土壤氧化还原体系,soil redox system
等电点,isoelectric point
铵固定,ammonium fixation
磷酸吸持,phosphate retention
土壤测定,soil test
表面电荷密度,surface charge density
氢铝质黏粒,H-Al clay
羟基铝间层,hydroxyl-aluminum interlayer
阴离子渗入,anion penetration
阴离子排斥,anion exclusion
非专性吸附,nonspecific adsorption
铁解作用,ferrolysis
负吸附,negative adsorption
外圈络合物,outersphere complex
土壤pH,soil pH
土壤缓冲性,soil buffering
土壤缓冲容量,soil buffer capacity
土壤碱化作用,alkalinization
土壤化学固定,soil chemical fixation
化学反硝化作用,chemical denitrification
电荷零点,zero point charge
土壤氧化还原状况,soil redox status
土壤含盐量,soil salt content
磷酸吸附,phosphate adsorption
吉布斯自由能,Gibbs free energy
土壤溶液,soil solution
土壤表面化学,soil surface chemistry
土壤电化学,soil electrochemistry
[土壤]次生矿物,soil secondary mineral
伊毛缟石,imogolite
绿脱石,nontronite
两性胶体,ampholytoid
赤铁矿,hematite
土壤胶体,soil colloid
黏土矿物,clay mineral
谐溶,congruent dissolution
配位体交换,ligand exchange
土壤溶液电导率,electrical conductivity of soil solution
土壤酸碱平衡,soil acid-base equilibrium
土壤缓冲物质,soil buffer compounds
中性土[壤],neutral soil
钾固定,potassium fixation
悬液效应,suspension effect
离子选择电极,ion selective electrode
氧化还原动力学,dynamics of oxidation-reduction
化学位,chemical potential
土壤浸提剂,soil extractant
土壤饱和浸出液,soil saturation extract
2∶1型矿物,2∶1 type mineral
层状硅酸盐,phyllosilicate
八面体片,octahedral sheet
同晶置换,isomorphous substitution
过渡矿物,intergradient mineral
交换性钠百分率,exchangeable sodium percentage
阴离子吸持,anion retention
钠交换比,exchangeable sodium ratio
专性吸附,specific adsorption
互补离子,complementary ion
土壤活性酸度,soil active acidity
土壤潜性酸度,soil potential acidity
碱性土[壤],alkaline soil
总酸度,total acidity
石灰性土,calcareous soil
土壤酸化作用,acidification
石灰需要量,lime requirement
土壤氧化还原电位,soil redox potential
磷酸固定,phosphate fixation
石灰位,lime potential
热力学土壤体系,thermodynamic soil system
土壤浸出液,soil extract
土壤矿物化学,soil mineral chemistry
土壤溶液化学,soil solution chemistry
1∶1型矿物,1∶1 type mineral
二八面体片,dioctahedral sheet
单元晶层,unit layer
结晶矿物,crystalline mineral
水铝英石,allophane
铁醇基,ferrol group
蛭石,vermiculite
绿泥石,chlorite
蒙脱石,montmorillonite
贝得石,beidellite
土壤碱胶体,soil basoid
叠胶,tactoid
游离氧化铁,free iron oxide
脱钾作用,depotassication
土壤酸胶体,soil acidoid
钙质黏粒,calcium clay
固有电荷,intrinsic charge
阳离子交换,cation exchange
永久电荷,permanent charge
土壤盐渍度,soil salinity
离子交换动力学,dynamics of ion exchange
土壤可溶盐,soil soluble salt
可变电荷,variable charge
土壤有机胶体,soil organic colloid
矿物风化序列,weathering sequence of mineral
恒电位表面,constant potential surface
表面络合物,surface complex
优先吸附,preference adsorption
反荷离子,counter ion
土壤残留酸度,soil residual acidity
土壤反应,soil reaction
土壤水解性酸度,soil hydrolytic acidity
土壤钠质化作用,sodication
铝聚合作用,aluminum polymerization
临界电位,critical potential
铝毒,aluminum toxicity
氧化还原耦,redox couple
动电电位,electrokinetic potential
养分位,nutrient potential
化学风化动力学,dynamics of chemical weathering
磷位,phosphate potential
土壤污染化学,soil pollution chemistry
土壤矿物,soil mineral
[土壤]原生矿物,soil primary mineral
土壤胶体化学,soil colloid chemistry
水云母,hydromica
钠质黏粒,sodium clay
层间表面,interlayer surface
羟基化作用,hydroxylation
铝醇基,aluminol group
层电荷,layer charge
单位化学式电荷,charge per formula unit
阳离子交换位,cation exchange site
质子电荷,proton charge
交换性阳离子百分率,exchangeable cation percentage
钾位,potassium potential
羟基表面,hydroxyl surface
解吸作用,desorption
沼泽土,bog soil
寒冻土,alpine frost soil
草甸土,meadow soil
砂姜黑土,Shajiang black soil
菜园土,vegetable garden soil
美国土壤系统分类,Soil Taxonomy
灌淤土,irrigation-silting soil
膨转土,Vertisol
土壤类群,major soil grouping
铁铝土,Ferralsol
优势土壤组合,soil consociation
土壤区划图,soil regionalization map
杂集区,miscellaneous area
土壤和地表体数字化数据库,SOTER
土壤水平分布,soil horizontal distribution
土壤资源评价,soil resources assessment
黏粒淋失斑,clay depletions
土链,soil catena
土被,soil cover
浓聚物,concentrations
离析物,separations
凝团,nodule
细粒物质,plasma
土壤形成物,pedological features
悬膜,pendant
胶膜,cutan
土壤管状物,pedotubule
晶膜,crystal coating
环状物,ring
晶管,crystal tube
组合胶膜,compound cutan
晶囊,crystal chamber
淀积黏粒胶膜,illuviation argillan
黏粒桥,clay bridge
孔道,channel
风化残余物,weathering residue
土壤发育序列,soil development sequence
淋溶作用,eluviation
淋洗作用,leaching
裸露埋藏土,exhumed soil
土壤地球化学,soil geochemistry
土壤年龄,soil age
土壤绝对年龄,absolute age of soil
土壤形成过程,soil-forming process
[表观]平均停留时间,[apparent] mean residence time
复钙作用,recalcification
盐化[作用],salinization
次生黏化[作用],secondary clayification
红化[作用],rubification
发生层命名,horizon designation
风积物,aeolian deposit
残积物,residual deposit
冰川沉积物,glacial deposit
草毡层,sod layer
诊断表层,diagnostic surface horizon
有机表层,histic epipedon
灌淤表层,siltigic epipedon
石膏层,gypsic horizon
灰化淀积层,spodic horizon
氧化层,oxic horizon
薄铁磐层,placic horizon
铁磐,orstein
石化铁质接触面,petroferic contact
石化钙积层,petrocalcic horizon
诊断特性,diagnostic characteristics
半干润水分状况,ustic moisture regime
潮湿水分状况,aquic moisture regime
聚铁网纹层,plinthic horizon
干热水分状况,torric moisture regime
湿润水分状况,udic moisture regime
n值,n value
有机土壤物质,organic soil material
温性温度状况,mesic temperature regime
永冻层次,permafrost layer
锈纹,rust streak
铁锰结核,iron-manganese concretions
石膏晶簇,gypsum crystal cluster
土族,soil family
土系,soil series
砖红壤,latosol
赤红壤,latosolic red soil
红壤,red soil
崩积土,colluvial soil
自成土,automorphic soil
冲积土,Fluvisol
棕色针叶林土,brown coniferous forest soil
白浆土,Baijiang soil
燥红土,dry red soil
紫色土,purple soil
黄壤,yellow soil
棕红壤,brown-red soil
棕色石灰土,terra fusca
黑色石灰土,rendzina
山地草甸土,mountain meadow soil
高山草原土,alpine steppe soil
灰漠土,grey desert soil
土样,soil sample
风化作用,weathering
黄土,loess
土相,soil phase
微形态发生,micromorphogenesis
恒高热温度状况,isohyperthermic temperature regime
土壤图斑,delineation of soil
始成土,Inceptisol
孔囊,chamber
堆集性孔隙,packing void
风化壳,weathering crust
山地土壤,mountain soil
化学风化,chemical weathering
风化产物,weathering product
自吞作用,self-swallowing
单个土体,pedon
发生层分化,horizon differentiation
坡积物,slope deposit
黏化层,argic horizon
高岭层,kandic horizon
锈斑,rust spot
涂污结持性,smeary consistence
土壤形态[学],soil morphology
土壤连续命名法,continuous soil nomenclature
土属,soil genus
土纲,soil order
灰化土,podzolic soil
黄棕壤,yellow-brown soil
红色石灰土,terra rossa
暗棕壤,dark brown forest soil
结核,concretion
潮土,fluvo-aquic soil
基质颗粒,matrix grain
脱碱作用,solodization
铁质化[作用],ferruginization
棕化[作用],brownification
潜育层,gley horizon
表土层,surface soil layer
堆垫表层,cumulic epipedon
水耕表层,anthrostagnic epipedon
淡薄表层,ochric epipedon
舌状层,glossic horizon
致密物质,densic material
干旱水分状况,aridic moisture regime
潜育特征,gleyic features
土壤高级分类,higher categories of soil classification
钙磐,calcareous pan
盐结皮,thin salt crust
土壤分类,soil classification
地理发生分类,geographico-genetic classification
隐域土,intrazonal soil
水成土,hydromorphic soil
灰棕漠土,grey-brown desert soil
栗钙土,chestnut soil
棕钙土,brown calcic soil
雏形层,cambic horizon
表土,surface soil
荒漠漆皮,desert varnish
淀积黏化层,argillic horizon
诊断表下层,diagnostic subsurface horizon
人为表层,anthropic epipedon
钠质层,natric horizon
聚铁网纹体,plinthite
寒性温度状况,cryic temperature regime
恒热性温度状况,isothermic temperature regime
滞水特征,stagnic features
形态发生分类,morphogenetic classification
眼状石灰斑,white eye
土壤发生分类,soil genetic classification
假菌丝体,pseudomycelium
亚类,subgroup
土壤数值分类,numerical classification of soil
土种,soil local type
土壤类别,soil taxon
变种,soil variety
亚纲,suborder
盐成土,halomorphic soil
残积土,residual soil
泛域土,azonal soil
风积土,aeolian soil
灰黑土,greyzem
黑土,phaeozem
棕漠土,brown desert soil
粗腐殖质,mor
微形态分析,micromorphological analysis
半腐殖质,moder
粪粒团聚体,coprogenous aggregate
凝块,irregular nodule
火山灰土,Andisol
土壤系统分类,soil taxonomy
漂洗水稻土,bleached paddy soil
谱系式分类,hierarchy classification
钙积土,Calcisol
土壤单元,soil unit
低活性强酸土,Acrisol
土壤制图单元,soil mapping unit
土壤概查,generalized soil survey
土壤详查,detailed soil survey
芒塞尔土色卡,Munsell soil chart
土壤普查,general detailed soil survey
土壤波谱特性,spectral characteristics of soil
粗骨颗粒,skeleton grain
土被结构,soil cover structure
土壤垂直带谱,soil vertical pattern
土壤资源调查,soil resources inventory
碳酸盐形成物,carbonate formations
土壤垒结,soil fabric
硫酸盐形成物,sulphate formations
内垒结,internal fabric
垒结型式,fabric pattern
光性定向黏粒,optically oriented clays
晶霜,crystal efflorescence
黏粒集结体,clay domains
湿地土壤,wetland soil
森林土壤,forest soil
高山土壤,alpine soil
风化强度,weathering intensity
风化指数,weathering index
原始土壤,primitive soil
腐殖质积累作用,humus accumulation
石膏聚积作用,gypsum accumulation
基本发生层,master horizon
有机层,organic horizon
土体层,solum
侏儒剖面,nanoprofile
发生层界线,horizon boundary
腐殖质层,humus horizon
淋溶层,eluvial horizon
浅海沉积物,shallow marine deposit
泥炭层,peat horizon
新成土,Entisol
土壤图,soil map
人为土,Anthrosol
微形态计量,micromorphometry
碱土,solonetz
水稻土,paddy soil
寒漠土,alpine frost desert soil
风沙土,aeolian sandy soil
潜育水稻土,gleyed paddy soil
砂性土,Arenosol
雏形土,Cambisol
灰土,Spodosol
潜育土,Gleysol
老成土,Ultisol
疏松岩性土,Regosol
假潜育土,pseudogley soil
滞水潜育土,stagnogley soil
土壤调查,soil survey
灰壤,Podzol
土壤标准物质,reference material of soil
岩性不连续性,lithologic discontinuity
土壤整段标本,soil monolith
土壤地带性,soil zonality
土壤水平地带性,soil horizontal zonality
土壤垂直地带性,soil vertical zonality
土壤界线,soil boundary
土壤分布,soil distribution
土壤基质,soil matrix
风化黏粒体,weathering clay body
风化黏粒胶膜,weathering argillan
黏粒薄膜,thin clay coating
黏粒假晶,clay pseudomorph
黏粒填塞体,clay plug
人为土壤,anthropogenic soil
半风化体,saprolite
硅铝铁率,silica-sesquioxide ratio
生物风化,biological weathering
古土壤,paleosol
含盐风化壳,salic weathering crust
年代序列,chronosequence
土壤生物地球化学,soil biogeochemistry
放射[性]碳定年,radiocarbon dating
潜育作用,gleyization
碱化[作用],solonization
淀积作用,illuviation
自幂作用,self-mulching
假潜育作用,pseudogleyization
硅化[作用],silicification
残积黏化[作用],residual clayification
犁底层,plow pan
珊瑚砂,coral sand
孔泡结皮层,vesicular crust layer
底土层,substratum
心土,subsoil
土壤层次,soil layer
垫熟表层,plaggen epipedon
盐积层,salic horizon
盐磐,salt pan
硅质硬磐,duripan
准石质物质,paralithic material
潮湿特征,aquic condition
线胀度,linear extensibility
漂白物质,albic material
石质接触面,lithic contact
硫化物物质,sulfidic material
可风化矿物,weatherable mineral
恒温性温度状况,isomesic temperature regime
热性温度状况,thermic temperature regime
草酸盐浸提液光密度值,opticaldensity-of-oxalate-extract value
恒冷性温度状况,isofrigid temperature regime
半腐有机土壤物质,hemic soil material
软粉状石灰,soft powdery lime
舌状延伸,tonguing
土壤新生体,soil new growth
盐霜,salt efflorescence
土壤命名,soil nomenclature
岩成土,lithomorphic soil
显域土,zonal soil
灰钙土,sierozem
细腐殖质,mull
石膏土,Gypsisol
黏粒镶边,clay border
膨转特征,vertic features
土壤物质,soil material
土壤显微[镜]学,soil microscopy
硅质硬结核,durinode
冰沼土,tundra soil
黏绨土,Nitisol
淹育水稻土,submergenic paddy soil
黑垆土,Heilu soil
有机土,Histosol
石质土,lithosol
盐渍土壤,salt-affected soil
土壤圈,pedosphere
古土壤学,paleopedology
崩积物,colluvial deposit
黄土状物质,loess-like material
致密接触面,densic contact
常湿润水分状况,perudic moisture regime
土壤发生,soil genesis
土壤揭片,soil peel
碎屑风化壳,clastic weathering crust
幼年土壤,young soil
[成土]母质,parent material
成熟土壤,mature soil
残遗土,relict soil
土壤形成,soil formation
脱钙作用,decalcification
次生盐化[作用],secondary salinization
泥炭形成[作用],peat formation
硅铝化[作用],siallitization
次生潜育化[作用],secondary gleyization
富铝化[作用],allitization
脱硅[作用],desilicification
扰动剖面,disturbed profile
土壤扰动作用,pedoturbation
剖面构型,profile pattern
聚合土体,polypedon
土壤发生层,soil genetic horizon
土壤剖面,soil profile
巨型剖面,giant profile
冰水沉积物,glaciofluvial deposit
洪积物,diluvial deposit
淀积层,illuvial horizon
冲积物,alluvial deposit
湖积物,lacustrine deposit
母岩,parent rock
灰化层,podzolized horizon
漂洗层,bleached horizon
心土层,subsoil layer
潴育层,waterloggogenic horizon
渗育层,percogenic horizon
埋藏层,buried horizon
底土,bottom soil
暗沃表层,mollic epipedon
石化石膏层,petrogypsic horizon
钙积层,calcic horizon
脆磐,fragipan
黏磐,clay pan
腐殖质淀积层,sombric horizon
准石质接触面,paralithic contact
火山灰土壤特性,andic soil property
夏旱水分状况,xeric moisture regime
土壤水分控制层段,soil moisture control section
纤维有机土壤物质,fibric soil material
高腐有机土壤物质,sapric soil material
挤压微地形,gilgai
半水成土,semi-hydromorphic soil
黄褐土,yellow-cinnamon soil
褐红土,cinnamon-red soil
棕壤,brown forest soil
褐土,cinnamon soil
亚高山草原土,subalpine steppe soil
龟裂土,takyr
高山草甸土,alpine meadow soil
亚高山草甸土,subalpine meadow soil
裂隙,fissure
土壤薄片,thin section of soil
腐殖质组型,humus form
盐土,solonchak
磷质石灰土,phospho-calcic soil
暗沃土,Mollisol
酸性硫酸盐土,acid sulphate soil
泥炭土,peat soil
潴育水稻土,waterloggogenic paddy soil
高活性强酸土,Alisol
聚铁网纹土,Plinthosol
土壤复区,soil complex
土壤概图,generalized soil map
黏粒形成物,clay formations
铁锰形成物,ferromanganese formations
混合胶膜,mixed cutan
孔洞,vugh
孔泡,vesicle
残遗体,relict
淋淀层段,sequum
黄绵土,loessal soil
土壤利用图,soil utilization map
薄层土,Leptosol
高活性淋溶土,Luvisol
低活性淋溶土,Lixisol
土壤颜色,soil color
岩性连续性,lithologic continuity
土壤组合,soil association
微形态特征,micromorphological features
土壤垂直分布,soil vertical distribution
土壤微域分布,micro-regional distribution of soils
生物形成物,bioformations
复合形成物,complex pedological features
晶页,crystal sheet
旱地土壤,upland soil
铁铝风化壳,ferrallitic weathering crust
土壤发育,soil development
顶极土壤,climax soil
螯合淋溶作用,cheluviation
土壤相对年龄,relative age of soil
土壤形成因素,soil-forming factor
[机械]淋移作用,mechanical eluviation
脱盐作用,desalinization
生物积累作用,biological accumulation
钙积作用,calcification
淀积黏化[作用],illuvial clayification
铁铝化[作用],ferrallitization
母质层,parent material horizon
半分解有机层,intermediate decomposed organic horizon
高分解有机层,highly decomposed organic horizon
诊断层,diagnostic horizon
滑擦面,slickenside
寒冻温度状况,pergelic temperature regime
冷性温度状况,frigid temperature regime
灰化淀积物质,spodic material
高热温度状况,hyperthermic temperature regime
土类,soil group
土壤分段命名法,discontinuous soil nomenclature
灰褐土,grey cinnamon soil
碳酸盐风化壳,carbonated weathering crust
含硫层,sulfuric horizon
质地突变,abrupt textural change
漂白物质指间状延伸,interfingering of albic materials
永冻温度状况,permagelic temperature regime
片状层,platy layer
荒漠砾幂,desert pavement
耕作淀积层,agric horizon
肥熟表层,fimic epipedon
暗瘠表层,umbric epipedon
黑色表层,melanic epipedon
漂白层,albic horizon
可辨认次生碳酸盐,identifiable secondary carbonate
双淋淀层段,bisequum
土壤侵入体,soil intrusions
土壤基层分类,basic categories of soil classification
钙质结核,calcareous concretions
砂姜,Shajiang
盐结壳,salt crust
石灰斑,calcareous spot
土壤分类制,soil classification system
土壤级别,category of soil
土壤超显微技术,submicroscopic technique of soil
植物石,phytolite
淋溶土,Alfisol
干旱土,Aridisol
粗骨土,skeletal soil
土壤亚单元,soil subunit
氧化土,Oxisol
冲积土,alluvial soil
黏磐土,Planosol
均腐土,isohumic soil
灰化淋溶土,Podzoluvisol
土壤制图,soil cartography
土壤形态特征,soil morphological characteristics
剖面性态,profile characteristics
土壤详图,detailed soil map
微土壤学,micropedology
土壤中域分布,meso-regional distribution of soils
土壤超微形态学,soil submicromorphology
土壤[自然]结构体,ped
黏粒胶膜,argillan
低地土壤,lowland soil
耕作土壤,cultivated soil
草原土壤,steppe soil
荒漠土壤,desert soil
土壤景观,soil landscape
水田土壤,paddy field soil
自然土壤,natural soil
物理风化,physical weathering
硅铝率,silica-alumina ratio
风化淋溶系数,ba value
埋藏土,buried soil
地形系列,toposequence
硅铝风化壳,siallitic weathering crust
淋淀作用,eluviation-illuviation
灰化[作用],podzoliation
黏化[作用],clayification
次生黏化层,secondary clayified horizon
网纹层,reticulated mottling horizon
耕作层,cultivated horizon
第四纪红色黏土,Quaternary red clay
弱分解有机层,slightly decomposed organic horizon
黑钙土,chernozem
土钻,soil auger
土壤分析化学,soil analytical chemistry
土壤肥力,soil fertility
土壤微生物学,soil microbiology
土壤化学,soil chemistry
土壤,soil
土壤学,soil science
耕作土壤学,edaphology
土壤侵蚀[学],soil erosion
土壤资源,soil resources
农业化学,agrochemistry
土壤管理,soil management
土壤物理[学],soil physics
土壤生物化学,soil biochemistry
土壤地理[学],soil geography
农业化学分析,agrochemistry analysis
土壤区划,soil regionalization
土壤生物学,soil biology
土壤利用,soil utilization
土壤生态学,soil ecology
水土保持,soil and water conservation
土壤遥感,soil remote sensing
土壤改良,soil amelioration
土壤信息系统,soil information system
发生土壤学,pedology
土壤矿物学,soil mineralogy
土壤微形态[学],soil micromorphology
中壤土,medium loam
砂黏土,sand clay
干湿交替[作用],alternation of drying and wetting
块状结构,blocky structure
柱状结构,columnar structure
通气孔隙度,air porosity
风干土,air-dry soil
压力势,pressure potential
烘干土,oven-dry soil
毛管水活动带,zone of capillary flow
毛管边缘,capillary fringe
渗透吸力,osmotic suction
土壤水流,soil water flow
脱水曲线,water desorption curve
土壤饱和水流,saturated soil water flow
吸水曲线,water sorption curve
水通量,water flux
水通量密度,water flux density
溶质运移,solute transfer
水力梯度,hydraulic gradient
侧渗,lateral seepage
扩散-弥散,diffusion-dispersion
土壤水入渗,soil water infiltration
干燥度,aridity
旱农,dryland farming
雨养农业,rainfed farming
实际蒸散,actual evapotranspiration
土壤水汽扩散,soil vapor diffusion
潜在蒸腾,potential transpiration
土壤潜在蒸发,soil potential evaporation
土壤通透性,soil permeability
水分胁迫,water stress
节水灌溉,water saving irrigation
节水农业,water saving agriculture
土壤空气状况,soil air regime
土壤热状况,soil heat regime
土壤结持度,soil consistency
土壤热流,soil heat flow
塑性流定律,law of plastic flow
土壤结持性,soil consistence
土壤热平衡,soil heat balance
剪切强度,shear strength
土壤黏着力,soil adhesion
土壤黏结力,soil cohesion
黏粒活度,activity of clay
土壤黏度,soil viscosity
超固结,overconsolidation
土壤膨胀压,soil swelling pressure
土壤压实,soil compaction
石砾,gravel
土壤总容积,soil total volume
土壤结构,soil structure
砾石,cobblestone
毛管锋,capillary front
张力计,tensiometer
土壤磁性,soil magnetism
砾质,cobbly
石块质,stony
角块状结构,angular blocky structure
物理性黏粒,physical clay
土壤空气容量,soil air capacity
土壤压缩指数,soil compression index
稳态水流,steady state water flow
扩散-弥散系数,diffusion-dispersion coefficient
初始入渗率,initial infiltration rate
氧扩散率,oxygen diffusion rate
粉[砂]粒,silt
微团聚体,microaggregate
充气孔隙,airfilled pore
非饱和导水率,unsaturated hydraulic conductivity
水势梯度,water potential gradient
入渗通量,infiltration flux
土壤排水,soil drainage
明沟排水,ditch drainage
透水层,permeable layer
空间变异,spatial variability
相对蒸腾,relative transpiration
蒸腾,transpiration
土壤通气性,soil aeration
有效水,available water
灌溉,irrigation
土壤温度状况,soil temperature regime
气通量,air flux
土壤温度梯度,soil temperature gradient
抗拉强度,tensile strength
塑性距,plasticity range
土壤流变学,soil rheology
可塑性,plasticity
土壤强度,soil strength
土壤膨胀指数,soil swelling index
土壤磁化率,soil magnetic susceptibility
土块,clod
锥形穿入计,cone penetrometer
土块分布,clod distribution
临界荷载点,critical bearing point
土壤饱和磁化强度,soil saturated magnetization
土壤剩磁,soil residual magnetizability
土壤比容,soil specific volume
土壤质地,soil texture
黏粒,clay
砂土,sand
粉[砂]土,silt
土壤分散剂,soil dispersing agent
土壤质地剖面,soil texture profile
微结构,microstructure
结构剖面,structure profile
水稳性团聚体,water stable aggregate
土壤孔隙度,soil porosity
内表面,internal surface area
分散系数,dispersive coefficient
土壤含水量,soil water content
绝对含水量,absolute water content
束缚水,confined water
土壤水[分]常数,soil water constant
毛管凝结水,capillary condensation water
毛管悬着水,capillary suspending water
土水势,soil water potential
质量含水量,mass water content
基质势,matric potential
体积含水量,volumetric water content
斯托克斯定律,Stokes' law
固相容积,solid phase volume
液相容积,liquid phase volume
土壤颗粒,soil particle
土壤剪切,soil shear
壤土,loam
土粒沉降累积曲线,particle sedimental accumulated curve
物理性砂粒,physical sand
壤砂土,loamy sand
黏壤土,clay loam
轻壤土,light loam
粉[砂]质黏壤土,silty clay loam
细砂土,fine sand
棱状结构,prismatic structure
碎裂[作用],fragmentation
土壤结构类型,soil structure type
力稳性团聚体,mechanical stable aggregate
大团聚体,macroaggregate
结构指标,structure index
外表面,external surface area
结构系数,structure coefficient
水汽运动,vapor movement
土壤固态水,soil water in solid phase
土壤液态水,soil water in liquid phase
土壤气态水,soil water in vapor phase
浸水土壤密度,water immersed soil density
持水孔隙,water-holding pore
毛管水,capillary water
优先流,preferential flow
土壤水[分]滞后现象,soil water hysteresis
进气吸力值,value of air-entry suction
非稳态水流,nonsteady state water flow
比水容量,specific water capacity
渗滤率,percolation rate
溶质对流,solute convection
混合置换,miscible displacement
溶质扩散,solute diffusion
不透水层,impermeable layer
临界水位,critical groundwater table
土壤水[分]蒸发,soil water evaporation
土壤温度,soil temperature
被动吸收[水分],passive uptake [water]
土壤空气,soil air
土壤空气扩散,soil air diffusion
土壤空气扩散系数,diffusion coefficient of soil air
土壤热,soil heat
土壤呼吸,soil respiration
流限,liquid limit
塑限,plastic limit
容积热容量,volume heat capacity
热通量密度,heat flux density
土壤热传导,soil heat conduction
塑性指数,plastic index
土壤变形,soil deformation
土壤表观黏度,soil apparent viscosity
黏着点,sticky point
常态收缩,normal shrinkage
土壤压缩,soil compression
土壤可压缩性,soil compressibility
土壤反磁质,soil diamagnetic substance
土壤铁磁质,soil ferromagnetic substance
土壤[水]吸力,soil water suction
湿润热,wetting heat
渗滤,percolation
触点水,pendular water
呼吸商,RQ-respiratory quotient
阿特贝限,Atterberg limits
结壳,crust
土壤收缩,soil shrinkage
土壤孔隙,soil pore space
土壤结构分类,soil structure classification
结构单位,structure unit
萎蔫含水量,wilting point
薄膜水,film water
饱和含水量,saturated water content
基质吸力,matric suction
热毛管运动,thermal capillary movement
潜在蒸散,potential evapotranspiration
土壤空气交换,soil air exchange
主动吸收[水分],active uptake [water]
土壤坚实度,soil hardness
土壤水[分]扩散率,soil water diffusivity
剪切应力,shear stress
土壤电性,soil electricity
团聚[作用],aggregation
砂粒,sand
重壤土,heavy loam
粉[砂]黏土,silty clay
轻黏土,light clay
黏土,clay
片状结构,platy structure
亚角块状结构,subangular blocky structure
粒状结构,granular structure
结构退化,structure degradation
曲率,tortuosity
团聚体间孔隙,inter-aggregate pore
土壤水[分],soil water
持水孔隙度,water-holding porosity
最大吸湿量,maximum hygroscopicity
重力势,gravitational potential
土壤水[分]状况,soil water regime
渗透势,osmotic potential
总势,total potential
土壤水能态,energy state of soil water
土壤非饱和水流,unsaturated soil water flow
吸力梯度,suction gradient
土壤导水率,soil hydraulic conductivity
饱和导水率,saturated hydraulic conductivity
水[文]循环,hydrologic cycle
降水,precipitation
有效降水,effective precipitation
弥散系数,dispersion coefficient
蓄水层,water storage layer
地面排水,surface drainage
稳定入渗率,stable infiltration rate
地下排水,underground drainage
内通透性,intrinsic permeability
湿润锋,wetting front
土壤水[分]再分布,soil water redistribution
渍水,waterlogging
淹水,water flooding
蒸散[作用],evapotranspiration
土壤空气相对扩散系数,relative diffusion coefficient of soil air
土壤摩擦[力],soil friction
土壤固结,soil consolidation
土壤电磁性,soil electromagnetism
土壤比阻,soil specific resistance
石块,stone
气相容积,air phase volume
土壤物理性质,soil physical property
土壤三相,soil three phases
质量热容量,mass heat capacity
原状土,undisturbed soil
砾,cobble
土壤水形态,soil water form
土壤比表面,soil specific surface area
土壤密度,soil density
土壤热交换,soil heat exchange
土壤黏闭,soil puddling
粗屑体,coarse fragment
土壤颗粒大小分析,soil particlesize analysis
土壤颗粒大小分布,particle-size distribution
土粒有效直径,effective diameter of soil particle
冻融交替[作用],alternation of freezing and thawing
土壤水[分]特征曲线,soil water characteristic curve
达西定律,Darcy's law
溶质弥散,solute dispersion
扩散系数,diffusion coefficient
蒸腾系数,transpiration coefficient
渗滤水采集器,lysimeter
土壤热扩散率,soil heat diffusivity
砂质黏壤土,sandy clay loam
土壤分散[作用],soil dispersion
砂壤土,sandy loam
土粒胶结[作用],soil particle cementation
中黏土,medium clay
粗砂土,coarse sand
土壤结构度,soil structure grade
土粒凝聚[作用],soil particle coagulation
结构形态,structure morphology
非稳定性团聚体,instable aggregate
团聚体消散,aggregate slaking
大结构,macrostructure
团聚体,aggregate
稳定性团聚体,stable aggregate
原生颗粒,primary particle
次生颗粒,secondary particle
孔径分布,pore-size distribution
团聚体崩解,aggregate disintegration
土壤结构改良剂,soil conditioner
破裂系数,rupture modulus
土粒密度,soil particle density
土壤改良剂,soil amendment
当量孔隙,equivalent pore
孔隙比,pore space ratio
团聚体内孔隙,intra-aggregate pore
重力水,gravitational water
吸湿水,hygroscopic water
田间持水量,field capacity
毛管支持水,capillary supporting water
相对含水量,relative water content
薄膜运动,film movement
湿度梯度,moisture gradient
土壤水平衡,soil water balance
土壤-植物-大气连续体,soilplant-atmosphere continuum
土壤空气组成,soil air composition
灌溉效益,irrigation efficiency
土壤热容量,soil heat capacity
土壤呼吸强度,intensity of soil respiration
土[壤]动力学性质,dynamic property of soil
导热率,heat conductivity
耕作动力学,tillage dynamics
土壤膨胀,soil swelling
剩余收缩,residual shrinkage
线胀系数,coefficient of linear extensibility
土壤电阻,soil electric resistance
土壤穿入阻力,soil penetration resistance
可耕性,tillability
锥形指数,cone index
土壤自然电场,soil natural electric field
重黏土,heavy clay
土[壤]力学,soil mechanics
结构收缩,structure shrinkage
土壤顺磁质,soil paramagnetic substance
暗管排水,tile drainage
粉[砂]壤土,silt loam
水力势,hydraulic potential
土壤生态亚系统,soil subecosystem
地下层,underground layer
盐土指示植物,indicator plant of solonchak
钙质土指示植物,indicator plant of calcium soil
立地条件,site condition
生态样块,tessera
土壤食虫动物,soil insectivorous animal
土壤食泥动物,soil limnophagous animal
能量释放,energy liberation
养分浓度,nutrient concentration
物质循环,material cycle
鼠墩,Mima mound
土壤系统模型,soil system model
恶性循环,vicious cycle
土壤输入,soil influx
富集,enrichment
土壤输出,soil outflux
自然肥力,natural fertility
潜在肥力,potential fertility
有效肥力,effective fertility
土壤肥力减退,soil fertility diminution
土壤肥力指标,soil fertility index
供肥性,nutrient supplying capability
土壤复原,soil restoration
保水性,water preserving capability
休闲地,fallow field
耗竭耕作,exhaustion cropping
集约种植,intensive cultivation
土壤环境保护,soil environment protection
土壤自净,soil self-purification
能量交换,energy exchange
样方,quadrat
向量分析[诊断]法,vector analysis
土壤肥力分级,soil fertility grading
熟土层,mellow soil layer
土壤肥力管理,soil fertility management
土壤质量,soil quality
土壤生产力分级,soil productivity grading
少耕,minimum tillage
病土,problem soil
污染物累积指数,accumulation index of pollutants
活性污泥处理,activated sludge treatment
土壤环境监测,soil environment monitoring
地被层,ground layer
污水灌溉,sewage irrigation
生物处理,biological treatment
土壤生态系统功能,function of soil ecosystem
土壤生态系统,soil ecosystem
嫌碱植物,basifuge
嫌酸植物,oxyphobes
喜钙植物,calciphile
立地质量,site quality
土壤空间分布,soil spatial distribution
绿色空间,vert space
腐生生物群落,saprium
食物链,food chain
循环库,cycling pool
碎屑食物链,detritus food chain
能量利用系数,utilization coefficient of energy
能量转化率,energy transformation ratio
能流,energy flow
土壤反馈信息,soil feedback information
良性循环,beneficial cycle
土壤肥力图,soil fertility map
土壤肥力学说,theory of soil fertility
人为肥力,anthropogenic fertility
土壤肥力评价,soil fertility evaluation
供水性,water supplying capability
生土,raw soil
熟土,mellow soil
适耕性,soil workability
土宜,soil suitability
保土作物,soil-conserving crop
保土耕作,conservation tillage
土壤环境指示物,soil environment indicator
化学需氧量,chemical oxygen demand
酸性指示植物,acid indicator plant
炼山,slash burning
地面火,ground fire
景观,landscape
生产者,producer
经济产量,economic yield
地下火,underground fire
枯枝落叶层,forest floor
农业生态系统,agroecosystem
蚯蚓粪,earthworm cast
粪粒,fecal pellet
粪粒性腐殖质,copro-humus
消费者,consumer
土壤食肉动物,soil carnivorous animal
腐生生物,saprophyte
物质迁移,material migration
黑箱理论,black box theory
表生富集,supergene enrichment
土壤熟化,anthropogenic mellowing of soil
动态模型,dynamic model
蚁道,ant channel
土壤肥力因子,soil fertility factor
肥土,fertile soil
免耕,no-tillage
土壤环境质量评价,soil environment quality assessment
残茬覆盖,stubble mulch
可垦地,reclaimable land
土壤环境,soil environment
土壤环境因子,soil environment factor
肥料污染,fertilizer pollution
土壤污染物,soil pollutant
土壤污染指数,soil pollution index
土壤单项污染指数,individual pollution index of soil
土壤自净能力,soil self-purification activity
活性污泥,activated sludge
养分高效植物,nutrient efficient plant
养分载荷,nutrient loading
化感作用,allelopathy
水分亏缺,water deficit
营养链,trophic chain
土壤耗竭,soil exhaustion
土壤肥力监测,soil fertility monitoring
土壤肥力级差,gradational difference of soil fertility
土壤肥力保持,soil fertility maintenance
土壤抗逆性,soil adversity resistance
养地作物,crop of improving soil fertility
耗地作物,crop of depleting soil fertility
土壤放射性污染,soil radioactive contamination
地上层,aerial layer
碱性指示植物,alkaline indicator plant
生物地理群落,biogeocoenosis
嫌钙植物,calcifuge
土壤指示植物,indicator plant of soil
非林地土壤,nonforest soil
地貌,landform
立地类型,site type
土壤空间,soil space
复合农林业,agroforestry
土壤食尸动物,soil necrophagous animal
土壤动物残体,soil animal residue
土壤食腐动物,soil saprophagous animal
土壤动物孔道,soil animal passage
养分库,nutrient pool
腐生食物链,saprophytic food chain
分室,compartment
开放生态系统,open ecosystem
生物地球化学循环,biogeochemical cycle
封闭生态系统,closed ecosystem
土壤库,soil pool
能量传输,energy transfer
储存库,reservoir pool
通量,flux
蚁堆,ant mound
土壤肥力特征,characteristics of soil fertility
土壤肥力等级,soil fertility grade
瘠土,infertile soil
土壤生产力,soil productivity
土壤承载力,soil bearing capacity
生土层,raw soil layer
保肥性,nutrient preserving capability
茬地,stub land
留茬耕作,stubble mulch farming
土壤耕性,soil tilth
深耕,deep ploughing
土壤耕作,soil tillage
生化需氧量,biochemical oxygen demand
土壤元素背景值,background value of soil element
贫营养化,oligotrophication
土壤生态系统序列,soil ecosystem sequence
土壤立体网络,soil stereonet
状态因子,state factor
状态因子方程,state factor equation
能量损失,energy loss
[植物]养分含量,[plant] nutrient content
生物富集,biological enrichment
物质流通率,ratio of material flow
土壤环境容量,soil environment capacity
弃耕地演替,succession on abandoned field
土壤环境工程,soil environment engineering
土壤污染,soil pollution
富营养化,eutrophication
垦殖耕作,plantation plowing
迹地土壤,slash soil
自然保护,nature conservation
土壤生态系统结构,structure of soil ecosystem
土壤信息,soil information
匮乏元素,deficient element
根拱小土墩,cradle knoll
分室模型,compartment model
土壤层段,soil segment
土壤退化,soil degradation
半休闲地,occupied fallow field
可耕地,tillable land
温室气体,greenhouse gasses
弃耕地,abandoned field
温室效应,greenhouse effect
土壤污染负荷,soil pollution load
酸雨,acid rain
农药污染,pesticide pollution
土壤生态环境,ecological environment of soil
嫌盐植物,halophobes
地位级,site class
土壤空间分布模型,soil spatial distribution model
地位指数,site index
森林立地,forest site
活地被层,living mulch
定位研究,located research
凋落物,litter fall
覆盖植物,cover plant
可持续农业,sustainable agriculture
样地,plot
土壤食粪动物,soil coprophagous animal
土壤食草动物,soil grazing animal
能量收支,energy budget
水分供应,water supply
能量平衡,energy balance
养分收支,nutrient budget
能量转变,energy transformation
养分流,nutrient flow
土壤培肥,improvement of soil fertility
模拟模型,simulation model
最优化模型,optimum model
填土动物穴,crotovina
土壤演替,soil succession
土壤障碍因子,soil constraint factor
浅耕,shallow ploughing
土壤环境质量,soil environment quality
灌丛小土丘,coppice knoll
分解者,decomposer
土壤动物学,soil zoology
根圈微生物,rhizosphere microorganism
有害根圈微生物,deterious rhizosphere microorganism
内生菌根,endomycorrhiza
根瘤菌根瘤,rhizobial nodule
硫化作用,sulfurication
竞争结瘤,competitive nodulation
联合固氮作用,associative nitrogen fixation
豆血红蛋白,leghaemoglobin
共生固氮作用,symbiotic nitrogen fixation
固氮酶,nitrogenase
非共生固氮作用,non-symbiotic nitrogen fixation
接种密度,inoculum density
固氮基因,nitrogen fixation genes
反硝化细菌,denitrifying bacteria
反硫化作用,desulfurication
共代谢,co-metabolism
生物固持作用,biological immobilization
土壤生物活性,soil biological activity
熏蒸法,fumigation
微生物杀虫剂,microbial pesticide
微生物接种剂,microbial inoculant
植物促长根圈细菌,plant growthpromoting rhizobacteria
非生物物质,xenobiotic substances
根瘤菌毒素,rhizobiotoxin
乙炔还原检测,acetylene reduction assay
土壤－根界面,soil-root interface
外源污染物,xenobiotic pollutants
氨氧化细菌,ammonia-oxidizing bacteria
生物转化,bioconversion
生物治疗,bioremediation
生物变质,biodeterioration
微生境,microhabitat
纤维素分解活性,cellulolytic activity
腐解作用,decay
激发效应,priming effect
B型胡敏酸,B type humic acid
腐殖物质发色基团,chromophoric group of humic substances
绿色胡敏酸,green humic acid
土壤酶学,soil enzymology
碳循环,carbon cycle
磷循环,phosphorus cycle
土壤多糖,soil polysaccharide
生化强度,biochemical capacity
土壤原酶,native soil enzyme
土壤蔗糖酶,soil saccharase
噬菌体,bacteriophage
细菌,bacteria
土壤储积酶,accumulated soil enzyme
结瘤,nodulation
结瘤因子,nod factor
贫营养性,oligotrophy
硝化细菌,nitrifying bacteria
土壤有机质,soil organic matter
腐殖物质生理效应,physiological effect of humic substance
氨化作用,ammonification
微生物群落,microbial community
真菌,fungus
微生物除草剂,microbial herbicide
原生动物,protozoa
趋化性,chemotaxis
微生物积累,microbial accumulation
互养作用,syntrophism
光合微生物,photosynthetic microorganism
岩内微生物群落,endolithic microbial community
食虫真菌,predacious fungi
土壤有机质平均停留时间,mean residence time of soil organic matter
土壤富集法,soil enrichment method
A型胡敏酸,A type humic acid
腐殖物质组分,fraction of humic substances
腐殖化系数,humification coefficient
腐殖化程度,degree of humification
干土效应,effect of soil drying
水解酶类,hydrolase
适性酶,adaptative enzyme
土壤微生物,soil microorganism
偏害共栖现象,amensalism
根圈,rhizosphere
附生菌,epiphyte
根圈效应,rhizosphere effect
根土比,R/S ratio
共生现象,symbiotism
内生菌,endophyte
土壤动物区系,soil fauna
土壤微动物区系,soil microfauna
寄生现象,parasitism
捕食现象,predation
偏利共栖现象,commensalism
发酵性细菌,zymogenic bacteria
硝化抑制剂,nitrification inhibitor
生态位,ecological niche
亚硝化作用,nitrosification
生物固氮作用,biological nitrogen fixation
反硝化作用,denitrification
熏蒸剂,fumigant
黏细菌,myxobacteria
生物可降解性,biodegradability
贫营养微生物,oligotrophic microorganisms
质粒,plasmid
共生质粒,symplasmid
氮素有效性比率,nitrogen availability ratio
生境,habitat
土壤有机质平衡,soil organic matter balance
细菌生理群,physiological group of bacteria
土壤原有机质,native soil organic matter
土壤有机质半减期,half-life of soil organic matter
嗜热微生物,thermophilic microorganism
胡敏酸A4/A6比值,A4/A6 ratio of humic acid
胡敏酸-富啡酸比值,HA/FA ratio
重组腐殖物质,humic substance in heavy fraction
腐殖化作用,humification
富啡酸,fulvic acid
金属-腐殖物质络合物,metalhumic substances complexes
氮循环,nitrogen cycle
硫循环,sulfur cycle
需氧外酶,aerobic exoenzyme
土壤脲酶,soil urease
需氧酶,aerobic enzyme
氧化还原酶类,oxidoreductase
固氮酶活性,nitrogenase activity
胞外酶,extracellular enzyme
土壤微生物生物量,soil microbial biomass
土著性细菌,autochthonous bacteria
茎瘤,stem nodule
外生菌根,ectomycorrhiza
土壤环流术,soil perfusion technique
铁载体,siderophore
低营养流生境,less nutrient flux habitat
胞内酶,endocellular enzyme
土壤酶稳定性,stability of soil enzyme
转移酶类,transferase
土壤生物量,soil biomass
土壤微生物区系,soil microflora
共生生物,symbiont
菌根,mycorrhiza
根区,root zone
根面,rhizoplane
根瘤菌剂,rhizobium inoculant
硫细菌,sulfur bacteria
甲烷细菌,methane bacteria
毒性有机物的去毒作用,detoxication of toxic organic compound
铁细菌,iron bacteria
有机物的毒化,toxication of organic compound
生物降解,biodegradation
土壤消毒,soil disinfection
好气分解,aerobic decomposition
土壤源温室气体,soil-borne greenhouse gases
嫌气分解,anaerobic decomposition
蓝细菌,cyanobacteria
菌根圈,mycorrhizosphere
杀真菌剂,fungicide
根瘤素,nodulin
结瘤基因,nodulation gene
孢子,spore
微生物营养群,trophic groups of microorganisms
群落,community
土壤有机质分解率,decomposition rate of soil organic matter
灰色胡敏酸,grey humic acid
土壤酶,soil enzyme
土壤酶促反应,soil enzymatic reaction
土壤酶保护容量,enzyme protection capacity of soil
动植物残体,plant and animal residues
植物圈,phytosphere
腐殖物质,humic substances
土壤局部灭菌,partial sterilization of soil
土壤有机碳-有机氮比值,organic carbo-nitrogen ratio in soil
有机氮库,organic nitrogen pool
固氮作用,nitrogen fixation
侵入线,infection thread
丛枝菌根,arbuscular mycorrhiza
植物凝集素,lectin
硝化作用,nitrification
自生固氮菌,free-living nitrogen fixing bacteria
微生物根部定植,colonization of root by microorganism
纤维分解菌,cellulose-decomposing bacteria
放线菌根瘤共生,actinorhizal symbiosis
遗传工程微生物,genetically engineered microorganism
接种物,inoculum
生物发光技术,bioluminescence technique
腐殖酸,humic acids
土壤酶活性,soil enzyme activity
冻土效应,effect of soil freezing
共生关系,symbiosis
互接种族,cross inoculation group
土传植物病菌,soil-borne plant pathogen
互利共栖现象,mutualism
[生物]拮抗现象,antagonism
类菌体,bacteroid
放线菌根瘤,actinorhizal nodule
纤维素分解作用,cellulose decomposition
根瘤菌,rhizobia
矿化作用,mineralization
土地生物处理,land biological treatment
先锋群落,pioneer community
内共生体,endosymbiont
土壤腐殖质,soil humus
轻组腐殖物质,humic substance in light fraction
胡敏素,humin
胡敏酸,humic acid
活性腐殖质,active humus
土壤酶抑制剂,soil enzyme inhibitor
土壤非活体酶,soil abiotic enzyme
土壤酶激活,activation of soil enzyme
裂解酶类,lyase
